#NAME,Site
ADM1_R1_q25,Archaean_Domes
ADM2_R1_q25,Archaean_Domes
DEVA_BWPP7_G,Death_Valley
DEVA_BWPP7_H,Death_Valley
DEVA_BWPP7_I,Death_Valley
DEVA_BWPP7_L,Death_Valley
DEVA_BWPP7_M,Death_Valley
DEVA_BWPP7_N,Death_Valley
G5088,Mono_Lake
G5089,Mono_Lake
G5090,Mono_Lake
GB14.Black.Soil.Upstream.of.Weir,Little_Hot_Creek
GB14.Cone.Pool.Mat,Little_Hot_Creek
GB14.Orange.Biofilm.Below.Weir,Little_Hot_Creek
JM15.R1,Rottnest_Island
JM23.R1,Rottnest_Island
JM26.R1,Rottnest_Island
JM29.R1,Rottnest_Island
JM30.R1,Rottnest_Island
JM31.R1,Rottnest_Island
JM4.R1,Rottnest_Island
JM5.R1,Rottnest_Island
JM6.R1,Rottnest_Island
JM8.R1,Rottnest_Island
KOW_0,Mines
KOW_2,Mines
KOW_3,Mines
LHC14.Cone.Pool.Cones,Little_Hot_Creek
M1_1,Schiermnnikoog
M1_2,Schiermnnikoog
M2_1,Schiermnnikoog
M2_2,Schiermnnikoog
M3_1,Schiermnnikoog
M3_2,Schiermnnikoog
M4__2,Schiermnnikoog
M4_1,Schiermnnikoog
M5_1,Schiermnnikoog
M5_2,Schiermnnikoog
M6_1,Schiermnnikoog
M6_2,Schiermnnikoog
M7_1,Schiermnnikoog
M7_2,Schiermnnikoog
M8_1,Schiermnnikoog
M8_2,Schiermnnikoog
M9_2,Schiermnnikoog
SD10_S10_L001_R1_001,Shark_Bay
SD3_S15_L001_R1_001,Shark_Bay
SD6_S2_L001_R1_001,Shark_Bay
SD6_S2_L002_R1_001,Shark_Bay
SD7_S4_L001_R1_001,Shark_Bay
SSD10_S12_L002_R1_001,Shark_Bay
SSD10_S12_L003_R1_001,Shark_Bay
SSD3_S16_L003_R1_001,Shark_Bay
SSD4_S18_L001_R1_001,Shark_Bay
SSD4_S18_L002_R1_001,Shark_Bay
SSD6_S3_L003_R1_001,Shark_Bay
SSD7_S5_L001_R1_001,Shark_Bay
SSD8_S7_L003_R1_001,Shark_Bay
SSD8_S7_L004_R1_001,Shark_Bay
SSD9_S9_L002_R1_001,Shark_Bay
Zloty_Stok_ZS_2,Mines
Zloty_Stok_ZS_3,Mines
